{"params": {"dynamic_params": {"mu_k": 3.879013419151306, "sigma_k": 1.3333085296050986, "w_k": 0.021594051599262976, "mu_g": 0.7838339520072037, "sigma_g": 0.2859605419530551, "c_rep": 1.1571562790446919}, "init_state": [[14.142993927001953, 18.463253021240234], [-10.864293098449707, 20.22195816040039], [16.492145538330078, 0.24092483520507812], [10.607353210449219, -7.691673278808594], [-19.18804359436035, 5.561161041259766], [6.558755874633789, -14.378297805786133], [10.669990539550781, -18.792898178100586], [18.933731079101562, 21.304588317871094], [5.98968505859375, -13.80343246459961], [10.706768035888672, 3.749147415161133], [5.982212066650391, 7.230373382568359], [16.749820709228516, -9.456390380859375], [-4.94879150390625, 5.999530792236328], [2.397144317626953, 17.740306854248047], [-11.55524730682373, -0.8011665344238281], [4.110769271850586, -5.842958450317383], [14.99776840209961, 2.4063949584960938], [-20.333059310913086, -2.3833885192871094], [-9.978251457214355, 2.137765884399414], [-2.556751251220703, -21.822551727294922], [-4.0089569091796875, -2.107145309448242], [-6.487326622009277, 20.21316909790039], [-4.800380706787109, 14.1331787109375], [5.449790954589844, -18.5709285736084], [5.1696929931640625, 18.232181549072266], [-14.390214920043945, -14.22024917602539], [21.534679412841797, 17.67721939086914], [-12.27366828918457, 13.238391876220703], [-2.8145065307617188, -21.690446853637695], [1.6529350280761719, 7.108068466186523], [-6.599138259887695, 7.653436660766602], [-18.812219619750977, 15.246349334716797], [18.755752563476562, 12.132266998291016], [3.728809356689453, 7.245676040649414], [-15.918051719665527, -5.497215270996094], [-2.1002864837646484, -12.242694854736328], [-16.24964141845703, 14.797584533691406], [14.930194854736328, -19.980140686035156], [7.000661849975586, 8.949647903442383], [20.899303436279297, 12.728179931640625], [20.225406646728516, -7.202573776245117], [15.408500671386719, 17.89482879638672], [-20.775217056274414, -17.659547805786133], [4.452919006347656, 12.012832641601562], [-10.929887771606445, 2.4229583740234375], [-0.03193855285644531, 5.568368911743164], [-11.821690559387207, 12.408859252929688], [14.630207061767578, -15.26488208770752], [0.21312332153320312, 0.06104087829589844], [7.064546585083008, 20.494857788085938], [6.45179557800293, -4.998882293701172], [19.758922576904297, -8.371723175048828], [-6.388178825378418, 1.5020580291748047], [-16.753192901611328, 2.39398193359375], [-14.926461219787598, 2.262054443359375], [2.1077651977539062, 3.045255661010742], [-18.552501678466797, -20.895254135131836], [10.122581481933594, 18.867111206054688], [-19.522192001342773, 8.148674011230469], [-16.194673538208008, 1.3792095184326172], [20.46786880493164, 16.689620971679688], [-16.08507537841797, 13.60858154296875], [11.490978240966797, -0.03374481201171875], [21.311988830566406, -8.73785400390625], [-5.119749069213867, -11.119111061096191], [3.165729522705078, 5.825307846069336], [1.7529640197753906, -12.378015518188477], [-9.903661727905273, 7.483354568481445], [-19.290180206298828, -3.426158905029297], [-0.487335205078125, -8.913605690002441], [8.006196975708008, 1.4179821014404297], [15.445423126220703, -1.9538536071777344], [-13.885046005249023, 15.544139862060547], [3.0722732543945312, -6.300760269165039], [-14.500261306762695, 5.156557083129883], [-20.982555389404297, 5.7943115234375], [10.877784729003906, -19.298410415649414], [-14.402791976928711, -15.816368103027344], [18.49114227294922, 18.702655792236328], [1.377218246459961, 20.653728485107422], [-7.354687690734863, -21.358089447021484], [7.684488296508789, 7.793907165527344], [21.56841278076172, -0.006366729736328125], [16.860713958740234, 13.48520278930664], [15.92291259765625, -21.83130645751953], [18.116073608398438, -18.753963470458984], [19.723243713378906, -0.9116935729980469], [-19.496776580810547, 6.118040084838867], [-4.478029251098633, -19.76025390625], [-7.9758405685424805, 2.2683143615722656], [17.134624481201172, -6.763452529907227], [13.06729507446289, 2.7550277709960938], [0.7415733337402344, 4.209589004516602], [-14.437911987304688, -18.286361694335938], [-6.912654876708984, -20.50078773498535], [-10.259712219238281, 1.0121288299560547], [-14.48940372467041, -9.12551212310791], [-3.9531021118164062, -2.534473419189453], [-12.14432144165039, 1.0571212768554688], [-3.087930679321289, 6.291902542114258]]}, "equil": 0,