{"params": {"dynamic_params": {"mu_k": 3.667502760887146, "sigma_k": 1.770067338547948, "w_k": 0.017763947306335126, "mu_g": 0.8569905707395908, "sigma_g": 0.38836744243878063, "c_rep": 1.1095616173113219}, "init_state": [[-21.164941787719727, 1.2281036376953125], [13.661735534667969, 5.650917053222656], [1.3412284851074219, 7.665369033813477], [-13.824891090393066, 2.3193702697753906], [-5.46531867980957, -10.893159866333008], [18.972209930419922, -17.02035903930664], [3.224061965942383, -19.331676483154297], [-0.7463874816894531, -9.775964736938477], [7.241243362426758, -12.353836059570312], [14.08087158203125, -17.852272033691406], [13.213985443115234, -16.52594757080078], [11.782878875732422, -9.263461112976074], [-0.051250457763671875, -4.01507568359375], [14.278663635253906, 7.2100067138671875], [-19.38649559020996, 2.0226917266845703], [-15.176972389221191, 16.44635009765625], [3.614593505859375, -5.657978057861328], [-11.223726272583008, 7.614837646484375], [-13.175736427307129, 10.433769226074219], [12.00485610961914, 13.503673553466797], [5.747232437133789, -19.258113861083984], [15.824974060058594, -6.824915885925293], [-6.503988265991211, -2.363656997680664], [16.08496856689453, 16.916385650634766], [3.397064208984375, 10.49734115600586], [-20.50393295288086, 0.05196952819824219], [-19.46303939819336, 7.487689971923828], [-15.673887252807617, -7.840902328491211], [15.37868881225586, 21.025310516357422], [-13.208369255065918, -12.210240364074707], [2.7246131896972656, 8.6483154296875], [-3.58319091796875, -6.870387077331543], [-14.450560569763184, 9.391265869140625], [21.554759979248047, -10.649740219116211], [10.376602172851562, 10.744682312011719], [17.68353271484375, -2.5047836303710938], [0.6929531097412109, 16.163375854492188], [13.906505584716797, 21.729557037353516], [-6.30454158782959, 8.70510482788086], [15.362075805664062, -14.933951377868652], [4.370494842529297, -4.92255973815918], [14.142135620117188, -9.88079833984375], [1.5430488586425781, 13.162834167480469], [-20.154573440551758, -18.57596778869629], [-11.268048286437988, 14.111175537109375], [14.75161361694336, -15.025341033935547], [4.195119857788086, -11.657379150390625], [-10.211359024047852, 18.973182678222656], [10.626201629638672, -6.016624450683594], [3.238433837890625, 4.262653350830078], [5.153301239013672, -7.530132293701172], [-12.955482482910156, 14.56540298461914], [2.956197738647461, 9.208091735839844], [-8.332053184509277, 10.6561279296875], [16.010845184326172, 13.379817962646484], [5.981706619262695, 21.645423889160156], [-0.048114776611328125, 4.683734893798828], [20.90285873413086, 21.381732940673828], [-9.28884220123291, 19.817672729492188], [8.119319915771484, -2.462627410888672], [19.209213256835938, -11.396642684936523], [14.29446792602539, 21.800769805908203], [-15.173447608947754, -12.982044219970703], [-21.80010986328125, -3.9591732025146484], [-19.980480194091797, -7.368283271789551], [6.679094314575195, 15.551307678222656], [12.254776000976562, 12.211780548095703], [9.127004623413086, -13.645132064819336], [-17.46788787841797, 0.9119815826416016], [20.890823364257812, 1.2387275695800781], [-1.8922176361083984, -14.932222366333008], [-10.908442497253418, -16.958999633789062], [17.614704132080078, -3.584451675415039], [-19.43498992919922, 2.3600425720214844], [1.5965003967285156, -2.718069076538086], [7.875205993652344, 11.83114242553711], [-20.689022064208984, -16.85401725769043], [-1.0568771362304688, -20.397029876708984], [-19.983915328979492, 19.424030303955078], [-1.6733074188232422, -10.876587867736816], [-7.5463714599609375, -17.17589569091797], [17.168045043945312, -4.770454406738281], [-12.36923599243164, -16.685081481933594], [12.858779907226562, -3.0410900115966797], [-2.311260223388672, -5.733930587768555], [-10.619903564453125, 3.913585662841797], [16.926151275634766, -12.750763893127441], [1.0540790557861328, -16.731292724609375], [-10.315736770629883, 19.31093978881836], [0.23067092895507812, 21.19301986694336], [-3.8544921875, -11.990972518920898], [-13.144742012023926, 19.498920440673828], [-16.917713165283203, 11.545475006103516], [5.468809127807617, 6.492359161376953], [12.413280487060547, -5.755702972412109], [13.612796783447266, -17.527896881103516], [-7.740509033203125, 16.10491180419922], [6.529153823852539, -2.9297943115234375], [-5.137674331665039, -13.43351936340332], [13.37801742553711, -0.6996040344238281]]}, "equil": 0,