{"params": {"dynamic_params": {"mu_k": 5.0, "sigma_k": 1.6125537282887974, "w_k": 0.0518008749386244, "mu_g": 1.0, "sigma_g": 0.47633699221323766, "c_rep": 1.364304232299876}, "init_state": [[-11.310691833496094, 3.519683837890625], [-16.14187240600586, -6.016157150268555], [1.2739486694335938, -16.612184524536133], [5.977376937866211, -18.891921997070312], [-8.987088203430176, 15.309757232666016], [20.637191772460938, -1.7200508117675781], [-15.724320411682129, -18.06360626220703], [-5.406545639038086, -11.226776123046875], [17.48804473876953, -15.683116912841797], [13.242538452148438, 4.182838439941406], [-6.691344261169434, 17.933238983154297], [12.24276351928711, -0.7694587707519531], [-14.911115646362305, -6.475162506103516], [7.0933990478515625, 19.06234359741211], [-7.424076080322266, -9.142828941345215], [-21.4951171875, 13.522167205810547], [21.472572326660156, 15.146530151367188], [-12.25865364074707, 15.760318756103516], [-6.669705390930176, 11.502017974853516], [12.863739013671875, -17.936485290527344], [5.444303512573242, 8.782901763916016], [-13.225691795349121, 20.34008026123047], [17.17485809326172, 18.386829376220703], [-0.19846343994140625, -11.770849227905273], [-12.022540092468262, 7.775844573974609], [-4.370708465576172, 17.485992431640625], [18.42510223388672, 1.6977195739746094], [-18.011066436767578, 8.732467651367188], [19.68769073486328, -5.525728225708008], [-11.513721466064453, -5.146389007568359], [3.151945114135742, -16.32320785522461], [11.748809814453125, 9.40382194519043], [-8.411297798156738, -8.149787902832031], [-10.438812255859375, 17.19731903076172], [13.04806137084961, 6.2530517578125], [-0.9867267608642578, 5.495899200439453], [21.225601196289062, 6.96558952331543], [-10.972066879272461, 8.510265350341797], [-8.73049545288086, -0.7812004089355469], [-14.169700622558594, -0.6436634063720703], [1.1477165222167969, -13.342504501342773], [14.143806457519531, 20.318954467773438], [-18.40160369873047, 6.374818801879883], [-15.197683334350586, -4.372669219970703], [10.538360595703125, -0.38619232177734375], [6.666704177856445, -7.127981185913086], [20.995128631591797, -10.328749656677246], [4.117637634277344, 2.2582435607910156], [14.98590087890625, 2.246591567993164], [13.26422119140625, 5.668371200561523], [14.027595520019531, 0.27805328369140625], [7.341012954711914, 21.701236724853516], [-7.167507171630859, -8.952425003051758], [15.970008850097656, 8.41278076171875], [-20.765989303588867, 7.824581146240234], [-21.57659339904785, -11.944299697875977], [8.609567642211914, 11.58905029296875], [-4.967487335205078, 18.622257232666016], [21.86324691772461, 17.155044555664062], [-20.20606231689453, -8.002229690551758], [1.3384990692138672, 17.880985260009766], [-3.6904449462890625, 4.595783233642578], [11.579521179199219, -11.510385513305664], [-13.323100090026855, 21.756549835205078], [-0.49089813232421875, 15.566932678222656], [-21.452022552490234, -8.397375106811523], [15.43710708618164, -2.129911422729492], [7.410152435302734, -18.429840087890625], [21.413185119628906, -10.980432510375977], [-1.112417221069336, -14.409920692443848], [-9.76081657409668, -18.86031723022461], [-19.25633430480957, -4.4945068359375], [-9.70396614074707, 16.251365661621094], [-0.10644149780273438, 17.10712432861328], [-3.6847686767578125, 4.667409896850586], [21.128856658935547, -17.023605346679688], [-9.530515670776367, 18.807838439941406], [-5.043874740600586, -5.924905776977539], [1.765584945678711, -11.810525894165039], [1.582193374633789, -9.143838882446289], [6.979269027709961, -4.670061111450195], [-7.382406234741211, -8.287540435791016], [5.715785980224609, 11.040477752685547], [-20.113279342651367, -15.34345531463623], [-21.113788604736328, 10.269515991210938], [16.499473571777344, -21.137632369995117], [5.7191314697265625, 4.461687088012695], [-11.805915832519531, 4.753143310546875], [16.96369171142578, 21.57912826538086], [9.513359069824219, -4.362264633178711], [-12.51757526397705, -8.378890991210938], [0.18044281005859375, -1.6155967712402344], [16.053001403808594, -19.881607055664062], [1.9636383056640625, -6.997072219848633], [1.8346138000488281, 21.156112670898438], [0.6435966491699219, -3.8156356811523438], [-7.456602096557617, -21.95463752746582], [-19.932226181030273, 9.585813522338867], [-13.434673309326172, 12.490432739257812], [-6.237272262573242, 7.937034606933594]]}, "equil": 0,