{"params": {"dynamic_params": {"mu_k": 5.0, "sigma_k": 1.568127813719244, "w_k": 0.03935897837502883, "mu_g": 0.9837205765205708, "sigma_g": 0.44772975556602423, "c_rep": 1.3842674741182954}, "init_state": [[-14.414175033569336, -16.796445846557617], [6.40776252746582, 13.277400970458984], [-6.395892143249512, -21.922042846679688], [3.1092910766601562, 11.274208068847656], [17.185775756835938, 2.087404251098633], [15.27303695678711, -19.671031951904297], [21.046920776367188, -14.206189155578613], [-15.016631126403809, 15.788814544677734], [-4.888662338256836, 13.576969146728516], [-15.409332275390625, 16.644630432128906], [20.864696502685547, 6.661504745483398], [17.747268676757812, -15.710777282714844], [-4.857883453369141, 6.696332931518555], [12.43198013305664, -11.747088432312012], [13.999359130859375, -7.2406511306762695], [-11.742610931396484, 4.303483963012695], [-17.523170471191406, -20.191566467285156], [7.315092086791992, 7.493465423583984], [8.460075378417969, -2.8850479125976562], [-16.089378356933594, -17.673412322998047], [21.051773071289062, -19.07246208190918], [6.630645751953125, 17.86797332763672], [16.80746078491211, -13.87109375], [-7.093648910522461, -17.5897216796875], [13.799915313720703, -20.64566421508789], [-20.252912521362305, -14.687227249145508], [17.945369720458984, 14.260120391845703], [14.74100112915039, 16.88031768798828], [-10.260380744934082, -12.269120216369629], [-13.515371322631836, 7.259082794189453], [8.557689666748047, 4.565134048461914], [-16.925024032592773, 1.9543170928955078], [-11.67409896850586, -4.326234817504883], [-3.4057998657226562, 1.0935688018798828], [-19.290019989013672, 18.779170989990234], [-9.361473083496094, 6.873945236206055], [15.150165557861328, 8.865333557128906], [15.407032012939453, 12.423027038574219], [16.10931396484375, 4.643281936645508], [14.051372528076172, -9.562830924987793], [-11.854580879211426, 10.505115509033203], [5.772468566894531, -0.8249950408935547], [-18.557193756103516, 7.188804626464844], [14.250572204589844, -2.5400009155273438], [5.054296493530273, 9.79397201538086], [-21.72673797607422, -3.619626998901367], [-8.161230087280273, -11.24460506439209], [13.446582794189453, 21.812725067138672], [3.5103187561035156, 13.69244384765625], [-16.32140350341797, 3.8758201599121094], [-2.8453025817871094, -13.568719863891602], [4.5109405517578125, 7.003162384033203], [-1.0625972747802734, 9.342159271240234], [10.562397003173828, 19.95492172241211], [1.2753067016601562, 0.7838211059570312], [-0.31488800048828125, 3.03607177734375], [-14.265202522277832, -2.7079620361328125], [-18.603914260864258, -15.431440353393555], [-18.73933219909668, 16.315189361572266], [-12.643400192260742, -1.7754344940185547], [2.3519935607910156, 19.430767059326172], [9.984477996826172, -15.666929244995117], [21.517662048339844, -20.838104248046875], [2.8603897094726562, 20.101516723632812], [19.079544067382812, -5.099033355712891], [-14.681955337524414, 9.66021728515625], [16.958972930908203, -11.728195190429688], [-3.4813098907470703, -13.37934684753418], [8.401521682739258, 4.682701110839844], [10.905258178710938, -7.54815673828125], [-21.236827850341797, -9.264842987060547], [-17.205821990966797, -5.300010681152344], [7.99525260925293, -18.30251121520996], [-1.0269203186035156, -21.524364471435547], [-15.590286254882812, -15.403051376342773], [-7.4906768798828125, -11.146913528442383], [3.386333465576172, 13.448692321777344], [16.588611602783203, 6.931703567504883], [-0.14557647705078125, -3.9204788208007812], [14.938060760498047, -12.600069046020508], [15.901802062988281, -21.181865692138672], [-16.420150756835938, 5.835813522338867], [-9.061134338378906, 4.104558944702148], [19.16860580444336, 10.048095703125], [21.532917022705078, -9.318525314331055], [-10.505664825439453, -2.7933731079101562], [-4.430795669555664, -9.67713451385498], [-1.365896224975586, 19.875240325927734], [-12.059469223022461, 12.35482406616211], [10.22000503540039, 12.740592956542969], [5.935186386108398, -8.127130508422852], [9.079696655273438, -10.36190414428711], [-13.503978729248047, 20.56549072265625], [18.23552703857422, -15.899473190307617], [17.86957550048828, 4.561918258666992], [5.639186859130859, 21.205062866210938], [-1.1551742553710938, -6.997060775756836], [13.811065673828125, -5.682905197143555], [-5.2813568115234375, -8.871614456176758], [21.654354095458984, 10.49753189086914]]}, "equil": 0,