{"params": {"dynamic_params": {"mu_k": 5.0, "sigma_k": 2.0, "w_k": 0.04492171315948901, "mu_g": 0.8600360148051465, "sigma_g": 0.5, "c_rep": 1.5870156678825085}, "init_state": [[15.47555923461914, -20.109004974365234], [-7.5555267333984375, 8.476898193359375], [19.445560455322266, 21.35193634033203], [-5.168245315551758, 7.341325759887695], [-19.321090698242188, -4.280767440795898], [-6.843242645263672, 6.2452239990234375], [-14.41445541381836, 4.753040313720703], [11.365966796875, 17.145641326904297], [-3.7199249267578125, 20.09933853149414], [-20.78573226928711, -6.234231948852539], [8.340526580810547, 5.641382217407227], [10.360626220703125, -14.598653793334961], [13.546112060546875, -20.647541046142578], [-15.084920883178711, -1.4961795806884766], [-21.373153686523438, -20.91163444519043], [-19.530115127563477, 17.687755584716797], [4.825809478759766, -7.01956844329834], [-0.9041748046875, -19.175609588623047], [-20.77791404724121, -15.342340469360352], [-21.283645629882812, 14.474079132080078], [-7.698482513427734, -5.938772201538086], [-18.94520378112793, 3.6436634063720703], [-3.300752639770508, -14.97732925415039], [14.105533599853516, 18.54401397705078], [-15.681146621704102, 12.464767456054688], [-3.5722923278808594, -0.20770263671875], [9.364269256591797, -4.010990142822266], [18.692153930664062, 13.535850524902344], [-14.280901908874512, -13.388374328613281], [-21.79759979248047, 7.043651580810547], [-16.54810905456543, -18.439937591552734], [-14.101276397705078, -21.750778198242188], [-17.913347244262695, 19.62322998046875], [12.28887939453125, 19.492572784423828], [-10.671783447265625, -9.023332595825195], [-7.719093322753906, 0.4296722412109375], [-15.790840148925781, 3.2252445220947266], [-14.099774360656738, 3.476442337036133], [20.151947021484375, 3.715778350830078], [16.047771453857422, -15.668600082397461], [-3.1047229766845703, -13.584527015686035], [-2.4408321380615234, -8.751531600952148], [-12.491344451904297, -21.25069236755371], [-8.157443046569824, 2.9462051391601562], [-3.870250701904297, -20.489591598510742], [16.525924682617188, 16.312713623046875], [-13.263826370239258, 2.2364158630371094], [14.608196258544922, -20.892261505126953], [-19.4392032623291, 12.207038879394531], [-0.43573570251464844, 7.005638122558594], [-9.148808479309082, 3.988832473754883], [14.591297149658203, -5.382244110107422], [-7.106119155883789, -20.94816017150879], [-3.3947830200195312, 13.940643310546875], [-20.791515350341797, -1.6994266510009766], [16.036563873291016, -6.279123306274414], [-8.128303527832031, -6.635896682739258], [-8.913455963134766, 2.633096694946289], [-21.181686401367188, 8.407018661499023], [-5.5562286376953125, -2.801006317138672], [-1.4843215942382812, 12.289958953857422], [-13.665620803833008, -20.019641876220703], [-15.91368293762207, -16.13899040222168], [-10.71110725402832, 17.37594223022461], [-17.019533157348633, -12.932214736938477], [-17.934480667114258, -11.051984786987305], [-0.6176109313964844, -13.414844512939453], [0.23254013061523438, 7.434656143188477], [-3.7430458068847656, 9.492118835449219], [5.048288345336914, 21.25217056274414], [-1.1231803894042969, 19.068702697753906], [16.466838836669922, 10.517066955566406], [12.450538635253906, -14.733440399169922], [-14.734405517578125, 9.394952774047852], [7.988229751586914, 19.85358428955078], [-2.8644161224365234, -4.04423713684082], [15.081809997558594, 0.7105007171630859], [20.654090881347656, -11.221612930297852], [-7.218243598937988, 0.9505767822265625], [11.733577728271484, -19.28668975830078], [-6.158153533935547, 15.977264404296875], [4.58087158203125, 15.553531646728516], [-7.452167510986328, -13.868402481079102], [-15.01957893371582, -12.369070053100586], [-16.533170700073242, 10.90252685546875], [5.913280487060547, -14.076136589050293], [20.165130615234375, 6.26338005065918], [8.187458038330078, -9.269767761230469], [15.231433868408203, -15.518552780151367], [16.036396026611328, -11.955107688903809], [9.344192504882812, -7.958806991577148], [14.292720794677734, -18.450767517089844], [-4.289531707763672, -5.93815803527832], [-13.15538501739502, -10.806270599365234], [-6.173311233520508, 2.281160354614258], [15.615730285644531, -3.6152000427246094], [21.564414978027344, -10.46914291381836], [-11.325926780700684, -1.1475791931152344], [-3.982736587524414, 6.987918853759766], [20.327693939208984, 7.532581329345703]]}, "equil": 0,