{"params": {"dynamic_params": {"mu_k": 4.979837477207184, "sigma_k": 1.6850007998188357, "w_k": 0.022199481254021824, "mu_g": 0.903127742501157, "sigma_g": 0.4609026472648263, "c_rep": 1.2220315309236938}, "init_state": [[15.604915618896484, -17.45642852783203], [11.094291687011719, -13.676944732666016], [12.38174819946289, 16.361717224121094], [6.967754364013672, 17.799640655517578], [-14.501334190368652, -19.676267623901367], [-21.153114318847656, 13.812294006347656], [7.706819534301758, -16.1098690032959], [10.654178619384766, 20.073070526123047], [-21.69384002685547, 15.95926284790039], [3.3742027282714844, 2.046459197998047], [19.795448303222656, 19.922985076904297], [9.269725799560547, 17.38296890258789], [9.152538299560547, 3.584714889526367], [-19.33824348449707, 4.109220504760742], [-15.65181827545166, 6.7730560302734375], [3.8815460205078125, 0.4942455291748047], [-15.041986465454102, -13.336338996887207], [16.261028289794922, 10.714420318603516], [11.599273681640625, -6.555490493774414], [-3.788318634033203, -5.63810920715332], [15.129253387451172, -9.497132301330566], [13.857025146484375, 15.168861389160156], [-20.12023162841797, 0.13434600830078125], [-4.189977645874023, -12.162092208862305], [9.497785568237305, -2.6728897094726562], [19.261180877685547, -13.76988697052002], [10.221893310546875, -18.78343963623047], [-11.026876449584961, 1.5006866455078125], [17.382049560546875, 11.587821960449219], [-18.063880920410156, 2.436840057373047], [-12.968775749206543, 0.9532546997070312], [-18.327611923217773, -6.454216003417969], [15.089061737060547, -20.185794830322266], [-20.975297927856445, 4.007173538208008], [3.0158557891845703, -4.023481369018555], [19.21066665649414, -13.245956420898438], [-13.355764389038086, -16.444473266601562], [-4.094696044921875, -5.614507675170898], [13.612430572509766, -1.2352790832519531], [7.025779724121094, -9.14224624633789], [17.846233367919922, 18.54641342163086], [-19.702516555786133, -5.65399169921875], [-18.666942596435547, 9.34619140625], [-19.221031188964844, -10.401860237121582], [21.981792449951172, -21.008222579956055], [16.231700897216797, 1.8585395812988281], [17.591964721679688, -11.164765357971191], [14.450225830078125, 2.6543827056884766], [1.6920738220214844, 15.015708923339844], [-20.911598205566406, -17.719928741455078], [21.246795654296875, -13.21092414855957], [-15.857769012451172, -1.0756816864013672], [-7.042253494262695, -3.0098609924316406], [-14.739681243896484, 7.938014984130859], [-18.93059539794922, 1.7818450927734375], [12.837867736816406, 4.226993560791016], [2.923135757446289, 3.2178096771240234], [-6.444911003112793, -4.190961837768555], [-9.277253150939941, -14.861627578735352], [-11.648035049438477, 21.748332977294922], [-3.681842803955078, 7.706512451171875], [15.214187622070312, -1.7185935974121094], [-11.835430145263672, -14.905858039855957], [-8.104872703552246, 7.852602005004883], [-18.527488708496094, -2.686128616333008], [8.368505477905273, 17.948814392089844], [6.620471954345703, 4.350866317749023], [15.060997009277344, 10.165931701660156], [7.442901611328125, -6.821023941040039], [-17.641773223876953, -4.752046585083008], [-3.9900035858154297, 1.6156196594238281], [-2.419565200805664, 8.89434814453125], [14.620101928710938, -8.919246673583984], [-20.874935150146484, -11.287311553955078], [-10.526480674743652, 12.470481872558594], [-14.190959930419922, -2.069255828857422], [-4.662660598754883, -13.352510452270508], [9.972267150878906, -9.16422176361084], [-1.1381072998046875, -15.467863082885742], [-2.218914031982422, 3.125886917114258], [-0.8952407836914062, -8.22024917602539], [6.535839080810547, -5.700145721435547], [-12.196775436401367, -16.22351837158203], [-4.660249710083008, -20.78292465209961], [18.26043701171875, -10.510010719299316], [-9.11720085144043, 2.033658981323242], [5.703130722045898, -2.074432373046875], [15.09250259399414, -12.824892044067383], [7.884376525878906, -0.049617767333984375], [-17.896364212036133, -8.520487785339355], [5.598716735839844, 4.202920913696289], [15.996978759765625, 14.717845916748047], [-11.99930191040039, -9.394648551940918], [-4.664909362792969, -15.761251449584961], [-5.939777374267578, -18.002883911132812], [8.36752700805664, 15.566307067871094], [1.74188232421875, -15.749374389648438], [-16.660776138305664, -8.564580917358398], [6.398775100708008, 0.5366249084472656], [4.000082015991211, 20.734588623046875]]}, "equil": 0,