{"params": {"dynamic_params": {"mu_k": 3.7914765775203705, "sigma_k": 1.8347200462915407, "w_k": 0.02985437924957801, "mu_g": 1.0, "sigma_g": 0.3702775714086015, "c_rep": 1.1946148452915741}, "init_state": [[12.279861450195312, 20.068992614746094], [-7.793942451477051, 6.62883186340332], [0.8292808532714844, -14.013343811035156], [-13.753273010253906, 11.265869140625], [-12.635114669799805, 16.020038604736328], [7.685907363891602, 7.513187408447266], [14.488662719726562, 10.76715087890625], [9.488216400146484, 11.414520263671875], [-9.33607006072998, -11.666191101074219], [-4.030431747436523, 12.213703155517578], [15.396202087402344, 16.201061248779297], [-6.939607620239258, -2.791463851928711], [-15.110040664672852, 13.565116882324219], [-14.58879280090332, -9.05274772644043], [18.166839599609375, 5.346282958984375], [-9.209894180297852, -14.814179420471191], [-15.128829002380371, 17.754566192626953], [-20.108095169067383, 19.010845184326172], [17.59923553466797, 1.363168716430664], [-1.7634086608886719, 17.109882354736328], [9.701488494873047, 20.801246643066406], [17.771869659423828, -14.42671012878418], [13.57662582397461, 11.095256805419922], [-15.620270729064941, 10.56597900390625], [-11.427064895629883, -13.107425689697266], [0.4104328155517578, -2.7033920288085938], [-5.915393829345703, -14.427764892578125], [12.034835815429688, 21.93553924560547], [-4.874799728393555, -14.823028564453125], [-1.1344127655029297, -19.11382293701172], [-17.8652286529541, -7.3286895751953125], [13.822708129882812, -16.854511260986328], [-3.510833740234375, -11.423944473266602], [-20.257362365722656, -4.952436447143555], [-1.2815227508544922, -3.6991004943847656], [16.084976196289062, 8.812370300292969], [13.697086334228516, 8.617162704467773], [2.308185577392578, 11.94070053100586], [-14.034891128540039, 11.209735870361328], [10.478900909423828, -9.33694839477539], [-0.7550525665283203, -16.64248275756836], [-19.251056671142578, -0.024303436279296875], [3.9392166137695312, -4.745527267456055], [6.796901702880859, -16.98404884338379], [-12.093011856079102, 15.184303283691406], [-21.409786224365234, 3.4544715881347656], [16.93719482421875, 16.493122100830078], [7.504606246948242, -20.03981590270996], [2.83221435546875, -7.736483573913574], [-6.184412956237793, 16.856231689453125], [-7.476533889770508, -15.755757331848145], [-17.660236358642578, 13.89044189453125], [1.0615577697753906, 21.72863006591797], [4.499074935913086, -20.502212524414062], [5.442968368530273, 20.130970001220703], [13.645050048828125, 6.601970672607422], [-16.528688430786133, -13.191959381103516], [14.938316345214844, -14.710474014282227], [5.0189361572265625, -2.818706512451172], [7.371772766113281, 1.4395065307617188], [-16.75674819946289, -8.76937484741211], [19.18820571899414, 2.5897464752197266], [11.15521240234375, -11.099061012268066], [17.416095733642578, -4.709405899047852], [-7.415403366088867, 4.462799072265625], [-7.882892608642578, -8.840688705444336], [-3.1480960845947266, -1.2559890747070312], [-12.512581825256348, 7.5198974609375], [-21.322011947631836, 13.504989624023438], [20.40420150756836, 3.559223175048828], [-5.140483856201172, -20.149818420410156], [10.331253051757812, 18.0263671875], [18.808361053466797, 1.9617424011230469], [7.314155578613281, 21.080608367919922], [3.2837047576904297, -10.620931625366211], [-20.887422561645508, 9.618640899658203], [8.569955825805664, 19.551055908203125], [-11.2003173828125, 9.449508666992188], [-7.278794288635254, -5.467771530151367], [12.83670425415039, -20.166915893554688], [16.217018127441406, 10.232166290283203], [-13.07502555847168, 11.22650146484375], [-5.533710479736328, 1.9799346923828125], [-5.888486862182617, -21.540491104125977], [-2.2784957885742188, 10.734230041503906], [-2.55963134765625, -10.83308219909668], [0.69708251953125, 4.014719009399414], [-6.138344764709473, -17.060649871826172], [-11.795149803161621, -3.5867271423339844], [7.9231414794921875, 19.56401824951172], [0.408294677734375, 7.876926422119141], [12.658164978027344, -9.593137741088867], [-7.2999725341796875, 14.592727661132812], [15.751739501953125, 5.213094711303711], [-17.00121307373047, 12.486900329589844], [-18.182891845703125, 10.99609375], [2.6073150634765625, 7.1063232421875], [-21.444454193115234, -7.734655380249023], [9.343324661254883, 16.93309783935547], [-6.298391342163086, 19.61849594116211]]}, "equil": 0,