{"params": {"dynamic_params": {"mu_k": 5.0, "sigma_k": 1.9076444055638477, "w_k": 0.03782034860213124, "mu_g": 1.0, "sigma_g": 0.38869402329338776, "c_rep": 1.439435773087742}, "init_state": [[14.884693145751953, -11.427183151245117], [-10.210053443908691, -18.2629337310791], [20.24277114868164, 3.649454116821289], [-15.800166130065918, 1.8895549774169922], [-9.4359130859375, 1.0990409851074219], [7.30230712890625, -10.91716480255127], [3.838987350463867, -13.890396118164062], [4.23930549621582, -21.24180030822754], [3.5057315826416016, 21.857421875], [20.264476776123047, 8.025184631347656], [16.188247680664062, 21.389671325683594], [6.234125137329102, 7.337398529052734], [2.860750198364258, 19.477252960205078], [18.898895263671875, -10.345727920532227], [-0.9044113159179688, -11.084549903869629], [7.894268035888672, -21.31781768798828], [7.785100936889648, -6.037864685058594], [7.97834587097168, 6.866336822509766], [-10.947613716125488, 11.413833618164062], [9.342302322387695, -18.700897216796875], [21.950542449951172, 18.936569213867188], [13.688011169433594, -2.2329978942871094], [7.794330596923828, -11.90234088897705], [-7.475582122802734, 10.38309097290039], [9.793697357177734, 8.711675643920898], [-20.98223114013672, 18.230941772460938], [-9.189109802246094, 19.039154052734375], [18.12692642211914, 8.154315948486328], [21.918380737304688, 12.63284683227539], [12.902687072753906, -7.470588684082031], [20.404678344726562, 5.766086578369141], [12.99838638305664, -4.974372863769531], [15.932857513427734, 19.516246795654297], [-16.857528686523438, 18.035690307617188], [-14.539571762084961, -15.146413803100586], [-18.38508415222168, 6.357114791870117], [-16.518199920654297, -8.28154468536377], [-11.059087753295898, 5.8798370361328125], [-21.598743438720703, -10.085710525512695], [0.16094207763671875, 1.97564697265625], [-9.935736656188965, 7.881801605224609], [-14.514589309692383, -18.631574630737305], [-3.1276283264160156, -11.89426326751709], [13.867328643798828, -15.037412643432617], [-1.8469505310058594, 9.137781143188477], [-19.266258239746094, 17.030635833740234], [-9.99625301361084, -5.98655891418457], [-13.45770263671875, -8.198030471801758], [-8.48297119140625, -19.577289581298828], [7.517566680908203, -0.07047653198242188], [21.521076202392578, 14.842880249023438], [19.1385498046875, 6.472986221313477], [11.560100555419922, 20.6004638671875], [18.062870025634766, -16.904775619506836], [-4.933034896850586, -21.21822738647461], [0.8322792053222656, -7.770174026489258], [19.094165802001953, 3.4783153533935547], [0.24213027954101562, -15.913753509521484], [-17.264080047607422, 3.4633255004882812], [-10.931406021118164, -10.103554725646973], [15.431560516357422, -11.469011306762695], [-9.792306900024414, 16.891765594482422], [8.595373153686523, -12.500564575195312], [6.662662506103516, 11.091022491455078], [-19.540414810180664, 4.109760284423828], [5.026338577270508, -0.8568363189697266], [21.093624114990234, -14.541470527648926], [11.926563262939453, -11.686762809753418], [-18.834339141845703, 14.993408203125], [-10.553890228271484, 1.0340251922607422], [11.56985092163086, -18.362499237060547], [-18.831756591796875, 7.490142822265625], [19.182369232177734, -2.3279495239257812], [15.492877960205078, 7.730813980102539], [6.276660919189453, -14.026582717895508], [20.93780517578125, 10.076892852783203], [3.4017181396484375, 15.560691833496094], [-18.902999877929688, 4.7406463623046875], [-10.356029510498047, -2.2340469360351562], [7.207925796508789, 9.743730545043945], [5.046941757202148, -17.026966094970703], [-13.768316268920898, 0.38413238525390625], [-3.810209274291992, -18.41431427001953], [21.673660278320312, 2.767230987548828], [-15.63210391998291, 9.64889144897461], [9.558980941772461, -10.792444229125977], [11.03177261352539, -13.64755630493164], [7.622587203979492, 20.897911071777344], [14.522880554199219, 10.861156463623047], [-4.475927352905273, 4.130163192749023], [7.67724609375, 5.373430252075195], [-4.457027435302734, 3.069599151611328], [-8.910683631896973, -12.43587589263916], [-20.302398681640625, -17.93679428100586], [-13.809735298156738, 21.029582977294922], [4.402532577514648, -19.90165138244629], [-11.24571704864502, 5.13874626159668], [-6.584737777709961, -6.227327346801758], [-8.261326789855957, -5.3732757568359375], [2.530597686767578, 1.3027992248535156]]}, "equil": 0,