{"params": {"dynamic_params": {"mu_k": 3.1177194863557816, "sigma_k": 1.3326889393134258, "w_k": 0.043983063673979084, "mu_g": 0.75304884393586, "sigma_g": 0.24287710899428183, "c_rep": 1.1797347274383116}, "init_state": [[-4.061939239501953, 0.4771766662597656], [-15.226301193237305, 18.11130142211914], [17.32366180419922, -12.114205360412598], [-18.835168838500977, 17.15532684326172], [-19.498844146728516, 14.109077453613281], [-21.428874969482422, -11.247568130493164], [-9.314680099487305, 20.67571258544922], [-3.7227325439453125, 18.976909637451172], [6.391929626464844, 21.31322479248047], [14.571647644042969, 16.202438354492188], [19.180683135986328, -6.49992561340332], [-6.048798561096191, 7.088590621948242], [19.38072967529297, -8.096176147460938], [-17.305517196655273, -17.209747314453125], [-10.164003372192383, 3.510435104370117], [-2.5458507537841797, -5.866952896118164], [-10.284955024719238, 5.722293853759766], [-18.121776580810547, 21.644100189208984], [-3.4071044921875, 4.1049346923828125], [7.2472991943359375, -8.560007095336914], [17.362228393554688, -0.163055419921875], [1.8047504425048828, -20.94314193725586], [2.72314453125, 7.548772811889648], [3.0656471252441406, -2.1802978515625], [16.612056732177734, 17.393299102783203], [15.146160125732422, -3.818357467651367], [3.800382614135742, -15.360803604125977], [-16.470129013061523, -3.84503173828125], [2.45904541015625, -12.813997268676758], [-18.363264083862305, 10.008190155029297], [8.04348373413086, -14.535465240478516], [14.639610290527344, -16.44418716430664], [16.64211654663086, 11.687366485595703], [-7.435275077819824, 20.94525909423828], [-12.352432250976562, -10.049406051635742], [17.534870147705078, -5.668994903564453], [-8.88554573059082, 3.4041175842285156], [-3.7174625396728516, 13.859806060791016], [17.961429595947266, 9.785995483398438], [4.757896423339844, 5.526769638061523], [0.5727787017822266, 2.5836105346679688], [0.4177589416503906, 15.001678466796875], [12.302810668945312, -2.211954116821289], [8.307779312133789, 1.2167224884033203], [7.774425506591797, 18.062023162841797], [-14.968257904052734, 3.1263980865478516], [-4.576904296875, -21.507551193237305], [-21.377920150756836, -2.880655288696289], [15.745853424072266, -14.506482124328613], [7.166215896606445, 12.679706573486328], [-16.035369873046875, 9.448234558105469], [4.152143478393555, -20.02906608581543], [-0.4229869842529297, -20.653783798217773], [19.234657287597656, 10.310993194580078], [8.429615020751953, 16.889965057373047], [16.824817657470703, 21.84052276611328], [9.076805114746094, -15.883525848388672], [20.43439483642578, 6.111268997192383], [-8.672396659851074, -8.187629699707031], [20.586196899414062, 4.887123107910156], [15.990585327148438, 1.7157707214355469], [20.3221435546875, -16.098098754882812], [5.2433319091796875, 5.249603271484375], [-0.25373077392578125, 19.570632934570312], [4.4178619384765625, 1.1917591094970703], [15.015708923339844, -1.7368144989013672], [-1.421438217163086, -18.138105392456055], [-0.14413833618164062, -10.269054412841797], [12.737606048583984, 19.138629913330078], [-20.52446746826172, -12.742728233337402], [21.180931091308594, -9.390090942382812], [19.56540298461914, 21.660415649414062], [-5.517322540283203, -17.808818817138672], [11.000415802001953, 10.000602722167969], [19.11844253540039, 3.1774654388427734], [11.962505340576172, -18.863666534423828], [3.0319480895996094, 5.1778717041015625], [13.788665771484375, -11.776590347290039], [-2.6290950775146484, -13.113449096679688], [-14.806264877319336, 9.158393859863281], [3.3547821044921875, 8.741607666015625], [-0.5009651184082031, -0.5404472351074219], [-0.8447284698486328, 11.883575439453125], [-15.222713470458984, 4.74241828918457], [12.063343048095703, 12.75979232788086], [-10.557343482971191, 17.036415100097656], [-14.66215991973877, 11.47164535522461], [17.996044158935547, 0.7059001922607422], [6.739912033081055, -20.841060638427734], [-8.702310562133789, -8.643621444702148], [-20.482755661010742, -4.658794403076172], [15.358623504638672, -2.1005287170410156], [21.73990249633789, -19.803850173950195], [8.773931503295898, 19.02362823486328], [21.38309097290039, -8.534122467041016], [-19.864093780517578, -8.085953712463379], [16.30878448486328, 1.9275703430175781], [21.027603149414062, -16.063920974731445], [-13.776005744934082, 11.211936950683594], [7.543344497680664, -14.292986869812012]]}, "equil": 0,