{"params": {"dynamic_params": {"mu_k": 4.687338441610336, "sigma_k": 1.4826257459717567, "w_k": 0.027324811837134644, "mu_g": 1.0, "sigma_g": 0.37269619534515797, "c_rep": 1.2740392314923257}, "init_state": [[-1.0615901947021484, -0.040157318115234375], [6.110019683837891, -2.4147415161132812], [13.83938980102539, -7.590522766113281], [-6.584832191467285, -5.224334716796875], [3.9276599884033203, 17.626846313476562], [-1.0122966766357422, 16.92743682861328], [17.282020568847656, -11.45429801940918], [-1.8902454376220703, -10.385297775268555], [9.15142822265625, -7.734519004821777], [6.711097717285156, 1.3143806457519531], [-14.442238807678223, -14.790471076965332], [-21.487947463989258, -12.306392669677734], [6.145795822143555, 1.3403682708740234], [16.546245574951172, -19.34491729736328], [-0.6428794860839844, -19.726295471191406], [0.12878036499023438, 8.015405654907227], [-19.734952926635742, 19.42935562133789], [-6.833002090454102, 19.492794036865234], [-3.6927242279052734, 12.480926513671875], [19.999683380126953, -8.00961685180664], [-5.347908020019531, 11.539649963378906], [-18.834880828857422, 13.022415161132812], [-13.81849193572998, 20.43279266357422], [-14.418037414550781, -9.053251266479492], [16.416080474853516, -9.578509330749512], [18.85732650756836, 15.136428833007812], [20.108253479003906, -21.32420539855957], [0.24657249450683594, -7.236098289489746], [5.240480422973633, -16.611125946044922], [9.021186828613281, -1.0422229766845703], [-10.399150848388672, -19.791278839111328], [11.507499694824219, -7.961915016174316], [16.233280181884766, 3.9163169860839844], [6.69108772277832, -3.3366165161132812], [-3.047527313232422, -7.473611831665039], [-19.049819946289062, 13.831317901611328], [-13.854301452636719, 12.822425842285156], [-7.420215606689453, 13.782318115234375], [18.854488372802734, -13.455334663391113], [18.16596221923828, 0.53619384765625], [-16.806482315063477, 8.980657577514648], [12.457263946533203, 19.39325714111328], [-20.942245483398438, 19.865169525146484], [16.678359985351562, 21.64275360107422], [11.990135192871094, -10.694487571716309], [16.689456939697266, 20.10617446899414], [-8.412137031555176, -3.596128463745117], [17.215709686279297, 17.709617614746094], [14.532905578613281, 16.854907989501953], [-11.305764198303223, -3.795330047607422], [-8.789194107055664, 11.43423843383789], [5.482671737670898, -16.993967056274414], [-2.763456344604492, -17.940011978149414], [-20.704570770263672, 20.05581283569336], [-11.066461563110352, 9.819253921508789], [-4.898927688598633, -4.454984664916992], [-0.014209747314453125, 17.158409118652344], [-3.043394088745117, 18.204242706298828], [12.872371673583984, 15.09218978881836], [-19.952688217163086, -10.287097930908203], [-17.923934936523438, -4.672550201416016], [-4.556682586669922, 4.470483779907227], [19.71135711669922, 9.875911712646484], [-15.308868408203125, -13.797154426574707], [16.612319946289062, 2.1899681091308594], [6.215105056762695, -11.506776809692383], [-2.682882308959961, 6.263507843017578], [-14.436957359313965, 14.358551025390625], [10.963569641113281, -12.829788208007812], [-9.021780014038086, -5.172222137451172], [3.423776626586914, -8.070039749145508], [21.045665740966797, -21.190603256225586], [-12.434389114379883, -13.353528022766113], [5.948368072509766, 3.1219539642333984], [-6.269034385681152, 18.776077270507812], [-18.99156951904297, 7.753902435302734], [-12.105535507202148, -5.009588241577148], [-21.18600845336914, -16.423154830932617], [-18.665882110595703, 9.598026275634766], [-8.261143684387207, 11.508216857910156], [-11.922876358032227, -5.4508209228515625], [2.663034439086914, 18.434341430664062], [-5.929298400878906, 12.75387954711914], [6.069181442260742, 13.380455017089844], [13.8975830078125, 8.92795181274414], [-6.634040832519531, -6.1746625900268555], [8.564628601074219, 11.990936279296875], [-1.174215316772461, 11.028060913085938], [-13.235620498657227, 12.40047836303711], [-2.699728012084961, -15.13978099822998], [-10.689449310302734, -16.801361083984375], [4.437782287597656, -13.04733657836914], [-6.299996376037598, -1.3784103393554688], [-13.423535346984863, 0.5649089813232422], [-2.7920761108398438, 6.968324661254883], [15.892967224121094, -13.280721664428711], [12.028419494628906, -0.4661102294921875], [-12.574207305908203, -9.977304458618164], [5.599834442138672, 4.580696105957031], [-0.7106056213378906, -10.952601432800293]]}, "equil": 0,