{"params": {"dynamic_params": {"mu_k": 5.0, "sigma_k": 1.9641634736934925, "w_k": 0.03713962542703897, "mu_g": 0.910447929955243, "sigma_g": 0.5, "c_rep": 1.354822117809452}, "init_state": [[-5.55804443359375, -18.254711151123047], [2.889921188354492, -15.387682914733887], [-2.320270538330078, 5.508369445800781], [10.743217468261719, -5.95005989074707], [-14.850738525390625, -18.736722946166992], [-20.838346481323242, 2.759523391723633], [-13.390063285827637, 0.7978591918945312], [-10.42258358001709, -14.888039588928223], [14.83443832397461, 12.450191497802734], [15.447086334228516, 21.103633880615234], [-15.917855262756348, -11.710927963256836], [-16.562580108642578, 14.77249526977539], [12.96255111694336, 17.834064483642578], [-15.39373779296875, -11.798391342163086], [21.44729995727539, -17.46969223022461], [-14.652139663696289, 8.099315643310547], [-19.231382369995117, -6.220172882080078], [9.347946166992188, 18.023155212402344], [-2.496335983276367, -19.468692779541016], [12.453968048095703, 21.932640075683594], [-16.332321166992188, -0.9719429016113281], [-15.914288520812988, -11.233624458312988], [7.4035797119140625, 10.27811050415039], [9.097269058227539, -20.721454620361328], [-5.333385467529297, 9.376251220703125], [-2.0420761108398438, -6.801351547241211], [-11.364167213439941, 20.859905242919922], [-17.610076904296875, -17.329792022705078], [16.031719207763672, -13.362895965576172], [13.294181823730469, -12.127324104309082], [-2.9761085510253906, -10.62965202331543], [18.176738739013672, 15.251815795898438], [1.0571250915527344, 0.5275077819824219], [-8.302667617797852, -11.759458541870117], [-8.321487426757812, 7.203943252563477], [-3.957082748413086, 14.933113098144531], [3.1675453186035156, 0.24285507202148438], [-13.67143726348877, 8.875072479248047], [-20.35015869140625, 5.140108108520508], [7.893743515014648, 3.981342315673828], [15.483013153076172, 5.280143737792969], [-6.075952529907227, -15.394609451293945], [-20.418298721313477, 11.103012084960938], [11.97542953491211, -16.78110122680664], [5.889986038208008, -8.089856147766113], [18.529598236083984, -7.583043098449707], [18.210418701171875, 15.560920715332031], [12.168048858642578, 15.034904479980469], [6.861364364624023, 7.457601547241211], [-18.703365325927734, -5.022552490234375], [-2.4938735961914062, 10.674552917480469], [-8.525066375732422, 10.080474853515625], [14.937454223632812, 9.485918045043945], [11.323253631591797, -2.9323081970214844], [10.538581848144531, -7.544378280639648], [19.05760955810547, -0.5646133422851562], [-1.2833023071289062, -19.36907958984375], [20.347412109375, -3.0780715942382812], [16.385799407958984, -14.3925142288208], [-18.405759811401367, -3.521392822265625], [-17.591201782226562, 4.227468490600586], [0.2963275909423828, -8.067679405212402], [13.774921417236328, 14.252948760986328], [-19.424909591674805, -17.624652862548828], [12.87051010131836, -13.36191463470459], [4.245214462280273, -5.859149932861328], [3.934093475341797, -12.140305519104004], [0.07030105590820312, -7.788232803344727], [-9.910612106323242, -10.816105842590332], [4.914031982421875, 14.235614776611328], [-0.5421581268310547, -0.21486282348632812], [18.151504516601562, 17.73430633544922], [-3.1937313079833984, -18.01468276977539], [5.1627044677734375, 6.568729400634766], [-17.40850067138672, -19.73563575744629], [2.307638168334961, 21.482826232910156], [-19.67789077758789, -10.779491424560547], [-7.587029457092285, -19.432899475097656], [-13.545976638793945, 17.268383026123047], [16.826374053955078, -16.185211181640625], [0.4716224670410156, -17.917869567871094], [9.137531280517578, -15.026277542114258], [-11.211549758911133, -10.197237014770508], [3.2428417205810547, 14.701072692871094], [-9.207701683044434, 4.057853698730469], [17.516868591308594, -1.3330459594726562], [2.271656036376953, 1.6336021423339844], [-0.2810401916503906, 13.208141326904297], [11.904037475585938, -11.78244400024414], [21.00696563720703, 12.65890884399414], [-3.442340850830078, 19.153987884521484], [1.183206558227539, 13.902122497558594], [-18.680049896240234, 19.747726440429688], [20.73918914794922, -16.43866539001465], [-19.691028594970703, -6.402983665466309], [-13.525879859924316, 5.877992630004883], [9.792919158935547, -2.8031539916992188], [15.437736511230469, 0.8336601257324219], [-6.466056823730469, -18.7785587310791], [6.992067337036133, -20.728525161743164]]}, "equil": 0,