{"params": {"dynamic_params": {"mu_k": 4.916310667991638, "sigma_k": 1.7843091644348184, "w_k": 0.05159144535834148, "mu_g": 1.0, "sigma_g": 0.4483702273143082, "c_rep": 1.611400871051032}, "init_state": [[17.99471664428711, 10.927787780761719], [11.330425262451172, -20.94379425048828], [-20.672754287719727, -16.885887145996094], [6.881282806396484, -19.02948570251465], [-16.793582916259766, -10.663461685180664], [-20.277076721191406, 0.029644012451171875], [3.173898696899414, -12.874409675598145], [14.404838562011719, -8.352187156677246], [-6.193594932556152, 16.761253356933594], [18.888134002685547, -2.5238494873046875], [-15.793317794799805, -11.03671932220459], [2.801464080810547, 12.896236419677734], [10.952583312988281, -9.714813232421875], [-20.798065185546875, -19.253232955932617], [-6.99943733215332, 0.275970458984375], [-9.88186264038086, -17.39551544189453], [2.3185291290283203, -17.462295532226562], [-16.894332885742188, -17.884811401367188], [-5.961416244506836, 19.431678771972656], [8.600225448608398, -2.608518600463867], [4.5278472900390625, 8.760601043701172], [0.12817764282226562, -17.74463653564453], [-13.554476737976074, -14.945760726928711], [-0.5586299896240234, -20.138837814331055], [-4.000064849853516, -8.044783592224121], [21.59014129638672, 17.882129669189453], [12.77878189086914, 1.2338104248046875], [-7.1230010986328125, 5.611549377441406], [-15.20045280456543, -9.383088111877441], [-4.4194793701171875, -5.169004440307617], [-20.840648651123047, 8.745681762695312], [18.11660385131836, -12.134614944458008], [5.930458068847656, -2.5514354705810547], [-0.8023929595947266, 1.282379150390625], [19.064815521240234, 2.9477920532226562], [-13.918895721435547, -7.913698196411133], [10.747600555419922, 6.865200042724609], [0.4275836944580078, -2.903493881225586], [-8.559690475463867, -7.808398246765137], [-11.604691505432129, 3.6049575805664062], [6.178525924682617, 16.846389770507812], [-4.970094680786133, 1.5749530792236328], [14.218368530273438, 9.569793701171875], [2.8267288208007812, 6.760129928588867], [1.1419429779052734, -18.87141990661621], [0.8481235504150391, -4.808736801147461], [19.85306167602539, 19.857810974121094], [4.364593505859375, 19.66366958618164], [-11.330416679382324, 19.12181854248047], [18.941673278808594, -0.8408622741699219], [-17.655208587646484, -7.0993194580078125], [-5.883401870727539, 0.36339569091796875], [-19.946327209472656, 4.07716178894043], [-9.149616241455078, -5.632905960083008], [-11.362829208374023, -4.644947052001953], [-20.43195343017578, -11.663694381713867], [2.0267486572265625, 14.416069030761719], [19.992450714111328, -16.64202117919922], [9.238265991210938, -12.401307106018066], [-17.00945281982422, -0.9687767028808594], [-12.620226860046387, -18.947420120239258], [-20.559803009033203, -14.725664138793945], [18.07818603515625, 12.269577026367188], [-8.708635330200195, -14.725055694580078], [-16.923320770263672, -12.991472244262695], [-9.052963256835938, 13.212963104248047], [7.199642181396484, -8.478187561035156], [15.145488739013672, -13.667131423950195], [-17.92313575744629, 4.801504135131836], [-12.130819320678711, 6.258525848388672], [18.63918685913086, -10.403919219970703], [-15.351862907409668, 8.280801773071289], [-19.86923599243164, 19.627910614013672], [-10.389636039733887, 10.636116027832031], [-17.493778228759766, -14.89109992980957], [2.42340087890625, 7.818906784057617], [17.058692932128906, 18.399391174316406], [-1.2652549743652344, -2.828479766845703], [3.636638641357422, -5.110401153564453], [0.7488975524902344, -20.83506202697754], [-18.059965133666992, 15.075775146484375], [-12.855846405029297, 17.32468032836914], [2.4143619537353516, 5.358867645263672], [19.99530792236328, -12.236185073852539], [-3.4728736877441406, 3.8977279663085938], [7.516119003295898, -21.41071319580078], [7.819208145141602, -12.973971366882324], [2.8897018432617188, 14.88409423828125], [-2.1915340423583984, -0.6959648132324219], [-1.64373779296875, 18.35861587524414], [12.503246307373047, 3.6997241973876953], [-13.239934921264648, -11.946812629699707], [17.52420425415039, 15.827255249023438], [12.73822021484375, -17.15378189086914], [17.133441925048828, -2.1030216217041016], [16.208656311035156, 19.108089447021484], [2.4114418029785156, -9.154603958129883], [20.694316864013672, -11.464641571044922], [14.3751220703125, -21.0955810546875], [-6.919282913208008, -19.180803298950195]]}, "equil": 0,