{"params": {"dynamic_params": {"mu_k": 5.0, "sigma_k": 1.8395383593475678, "w_k": 0.04332753095794084, "mu_g": 1.0, "sigma_g": 0.5, "c_rep": 1.3475998705781138}, "init_state": [[-5.33758544921875, -9.012666702270508], [-11.77549934387207, 7.821781158447266], [12.751083374023438, -14.451837539672852], [-10.246491432189941, 11.229393005371094], [-2.659273147583008, 5.3580780029296875], [11.502761840820312, -8.131896018981934], [-12.209426879882812, 8.098133087158203], [-8.056291580200195, -14.644113540649414], [-11.09714412689209, -10.229232788085938], [21.905803680419922, 4.231113433837891], [9.474798202514648, 2.9551448822021484], [-14.831215858459473, 15.876033782958984], [-3.4198741912841797, -5.696479797363281], [17.92905044555664, -11.207033157348633], [4.467283248901367, -18.715038299560547], [11.273303985595703, 8.738645553588867], [-18.090517044067383, 12.279014587402344], [2.421083450317383, -11.360028266906738], [18.7579345703125, 9.448413848876953], [7.731157302856445, -8.171363830566406], [-12.06304931640625, -11.837644577026367], [8.26547622680664, 5.9264984130859375], [-13.166950225830078, 20.018943786621094], [12.817581176757812, -8.399768829345703], [11.382343292236328, -9.325763702392578], [6.904211044311523, 18.311321258544922], [-19.45970344543457, -10.938554763793945], [-1.2433452606201172, 3.28076171875], [-18.09222412109375, -14.473835945129395], [-2.107128143310547, -3.1719131469726562], [4.745279312133789, 2.7954940795898438], [4.513124465942383, 1.458456039428711], [2.5286178588867188, -1.2698135375976562], [7.900697708129883, 15.014923095703125], [-10.979105949401855, -11.397128105163574], [9.656133651733398, -15.908941268920898], [14.296875, 10.163532257080078], [3.181903839111328, -9.551097869873047], [0.6596813201904297, -17.39438247680664], [-19.792997360229492, 20.717479705810547], [-19.732378005981445, -18.254587173461914], [-8.5458402633667, 1.2354621887207031], [5.038749694824219, -10.841214179992676], [-2.134855270385742, -4.912815093994141], [18.407958984375, 19.094989776611328], [9.042200088500977, -0.13560867309570312], [16.49853515625, -17.762454986572266], [9.191978454589844, -12.78767204284668], [17.15695571899414, -19.447731018066406], [8.17416000366211, -18.088037490844727], [12.840259552001953, 4.02269172668457], [18.876853942871094, -16.592782974243164], [14.159400939941406, -14.681995391845703], [-11.875272750854492, 8.367849349975586], [-3.7031116485595703, -17.369728088378906], [-18.7200870513916, -5.711751937866211], [6.091316223144531, 19.323802947998047], [16.18004608154297, 0.3605499267578125], [-13.49466609954834, -19.614187240600586], [19.654834747314453, -12.265983581542969], [-3.8691940307617188, -17.75212860107422], [-15.206642150878906, 4.268779754638672], [-5.438861846923828, 2.519306182861328], [-0.16825103759765625, 1.1208667755126953], [-4.359180450439453, -0.8507423400878906], [9.562694549560547, 16.0714111328125], [18.595050811767578, -17.9490909576416], [-18.59680938720703, -3.2879886627197266], [-1.678304672241211, 12.142627716064453], [20.709896087646484, 5.649545669555664], [-15.625694274902344, -2.490175247192383], [14.228015899658203, 8.116987228393555], [-15.558700561523438, 1.2840957641601562], [-21.2424373626709, -8.865102767944336], [15.38687515258789, -9.543243408203125], [13.432361602783203, -17.944835662841797], [19.450294494628906, 10.494121551513672], [14.256217956542969, 6.008045196533203], [1.5586261749267578, -10.834678649902344], [-12.139442443847656, -15.107827186584473], [18.181793212890625, -7.635751724243164], [0.5359706878662109, -20.682350158691406], [5.904533386230469, -7.499500274658203], [-17.59622573852539, 2.7227859497070312], [-20.26671600341797, -2.167560577392578], [-17.966140747070312, 13.908477783203125], [-17.47161102294922, 3.593158721923828], [10.893211364746094, -17.57830047607422], [14.242012023925781, 17.917098999023438], [-13.485932350158691, 1.8422126770019531], [6.671348571777344, 18.220508575439453], [17.18792724609375, -18.453861236572266], [-17.931474685668945, -19.452800750732422], [-9.784299850463867, -4.440860748291016], [-7.893667221069336, 14.496299743652344], [-15.161792755126953, -17.558780670166016], [-17.197765350341797, -12.985657691955566], [21.548221588134766, 2.7781906127929688], [-3.8519058227539062, -6.465367317199707], [-16.850330352783203, -7.464186668395996]]}, "equil": 0,