{"params": {"dynamic_params": {"mu_k": 5.0, "sigma_k": 1.8993993962571039, "w_k": 0.040394839449394926, "mu_g": 1.0, "sigma_g": 0.47494227786447174, "c_rep": 1.4441575190067573}, "init_state": [[-14.481630325317383, 3.506214141845703], [5.895454406738281, 11.420616149902344], [-6.491706848144531, -4.320274353027344], [-17.861610412597656, 13.371089935302734], [14.686248779296875, 10.3199462890625], [11.180747985839844, 13.176895141601562], [20.737300872802734, 7.204755783081055], [7.94163703918457, 6.919765472412109], [-12.423856735229492, 5.519750595092773], [6.628419876098633, -17.510961532592773], [-6.511030197143555, -13.57387924194336], [-14.057099342346191, 15.288711547851562], [17.307098388671875, -3.0327682495117188], [6.7431488037109375, -5.152496337890625], [4.664403915405273, -3.682952880859375], [-11.444717407226562, -9.256185531616211], [21.85287094116211, 3.7084197998046875], [-12.030824661254883, 2.497364044189453], [-21.948400497436523, 0.19406509399414062], [16.88837432861328, 2.5375289916992188], [5.241724014282227, -20.723318099975586], [-4.13795280456543, 12.98184585571289], [-16.130462646484375, -10.291791915893555], [14.867721557617188, 6.317930221557617], [10.284416198730469, -20.5153751373291], [14.001884460449219, -4.7984771728515625], [4.623649597167969, 17.78262710571289], [-20.27431869506836, 6.294462203979492], [-19.888507843017578, 16.28744888305664], [6.459894180297852, 2.4479293823242188], [-8.813453674316406, 8.294775009155273], [-11.419197082519531, 4.205467224121094], [18.475234985351562, -16.513246536254883], [-6.277135848999023, 5.138494491577148], [3.818723678588867, 0.30254173278808594], [18.927040100097656, -5.716999053955078], [5.674945831298828, 11.659194946289062], [-4.265619277954102, 14.375518798828125], [14.368194580078125, 9.796592712402344], [-5.3672943115234375, 19.10940933227539], [-12.712091445922852, 6.799446105957031], [4.417387008666992, 15.528202056884766], [-18.032629013061523, 3.8353919982910156], [-12.669589042663574, 11.660697937011719], [7.554655075073242, -17.113468170166016], [-1.3773441314697266, 6.154155731201172], [9.371784210205078, 19.572025299072266], [9.880020141601562, 4.195621490478516], [11.735549926757812, -20.8173885345459], [14.668014526367188, -2.5866317749023438], [12.45119857788086, 6.299985885620117], [-1.160177230834961, 15.486026763916016], [-12.82505989074707, 6.204032897949219], [9.644262313842773, -7.829407691955566], [7.969871520996094, -21.761327743530273], [-11.111510276794434, 10.696510314941406], [11.3392333984375, -20.19374656677246], [7.613498687744141, 2.0686264038085938], [21.47518539428711, -21.458465576171875], [-5.243373870849609, -12.459437370300293], [-13.38652515411377, -3.593191146850586], [-20.219669342041016, 17.235950469970703], [-7.78361701965332, 7.708625793457031], [-12.945455551147461, 0.11862564086914062], [-15.585529327392578, 17.707408905029297], [18.55428695678711, 17.320384979248047], [-7.701631546020508, 13.692516326904297], [-18.381057739257812, 10.094490051269531], [-2.7155380249023438, -18.230823516845703], [-17.656124114990234, -20.58734703063965], [4.12260627746582, -7.957128524780273], [-10.132397651672363, 20.94409942626953], [-6.7028703689575195, 7.420541763305664], [-3.8729381561279297, 13.267738342285156], [6.565143585205078, 13.931709289550781], [5.744607925415039, -4.82170295715332], [19.444259643554688, -1.5684070587158203], [-13.17015552520752, 6.846227645874023], [-2.669614791870117, -16.315887451171875], [2.8779220581054688, -5.11168098449707], [-8.761096000671387, -10.499853134155273], [-9.362325668334961, -8.909175872802734], [2.1616954803466797, 21.253498077392578], [-12.894973754882812, -10.263436317443848], [-14.747631072998047, -0.8348045349121094], [1.5425052642822266, -15.100654602050781], [10.048931121826172, -19.731082916259766], [20.36237335205078, 4.140142440795898], [-2.2172775268554688, -7.877446174621582], [9.877998352050781, 16.065147399902344], [-14.389944076538086, -5.514469146728516], [16.195430755615234, -4.122951507568359], [-16.199485778808594, -7.0700483322143555], [0.7599468231201172, -4.107105255126953], [-15.076510429382324, -13.782827377319336], [5.948551177978516, 15.095081329345703], [20.013866424560547, -2.4866466522216797], [8.464570999145508, -17.472862243652344], [11.723075866699219, 21.02212905883789], [11.45639419555664, -8.698373794555664]]}, "equil": 0,