{"params": {"dynamic_params": {"mu_k": 3.544644296169281, "sigma_k": 1.4766111884506223, "w_k": 0.0203532879627506, "mu_g": 0.7959449964902551, "sigma_g": 0.31171548284662975, "c_rep": 1.033796036747039}, "init_state": [[9.834197998046875, -14.868432998657227], [-3.0239524841308594, -7.123659133911133], [-8.3477783203125, -8.139646530151367], [20.216251373291016, 12.594051361083984], [6.097023010253906, 20.657047271728516], [-19.9368839263916, 3.5500850677490234], [14.083881378173828, 14.6143798828125], [-17.50878143310547, 7.829570770263672], [-12.533090591430664, -0.8596248626708984], [-4.59074592590332, -18.369218826293945], [-20.986116409301758, -14.4737548828125], [9.982952117919922, 10.063579559326172], [-19.134801864624023, -8.261930465698242], [0.3593578338623047, -19.020816802978516], [12.395999908447266, 19.92611312866211], [3.890958786010742, -16.346324920654297], [5.130100250244141, 7.986299514770508], [17.420547485351562, -11.705537796020508], [-19.71001434326172, 9.665714263916016], [1.3696403503417969, -7.168180465698242], [-9.218490600585938, -11.343547821044922], [17.80893325805664, -3.7958602905273438], [15.866554260253906, 19.638290405273438], [2.7868728637695312, 4.6863861083984375], [-1.4983043670654297, 15.109939575195312], [-19.823932647705078, 8.749027252197266], [-3.5844345092773438, 10.04555892944336], [-0.09798812866210938, -8.145853996276855], [-2.374898910522461, 11.879840850830078], [-15.279657363891602, -13.906181335449219], [-4.927921295166016, -7.979940414428711], [8.642461776733398, 14.805335998535156], [-2.356168746948242, 20.802623748779297], [-9.192039489746094, -12.34550666809082], [-9.84926986694336, -15.157391548156738], [-15.420543670654297, -19.602340698242188], [-19.49814224243164, 5.741970062255859], [13.416786193847656, 20.654640197753906], [18.739540100097656, -1.2670612335205078], [4.269025802612305, -13.163034439086914], [8.503463745117188, -21.09450340270996], [10.37680435180664, 4.0351409912109375], [6.76069450378418, 8.05526351928711], [-10.100305557250977, 18.878341674804688], [10.499553680419922, 14.451683044433594], [2.9057273864746094, 13.815704345703125], [14.806022644042969, 9.971168518066406], [16.7589111328125, -3.990314483642578], [14.46579360961914, 5.068780899047852], [13.237312316894531, 21.427967071533203], [4.981616973876953, -8.165672302246094], [-2.188915252685547, 6.193626403808594], [3.7094039916992188, -6.009742736816406], [17.237403869628906, 13.217761993408203], [-13.66538143157959, -1.7925910949707031], [-2.1118621826171875, -13.788077354431152], [3.2088088989257812, -6.753843307495117], [-11.357751846313477, -7.074034690856934], [-7.84406852722168, 21.04608154296875], [8.438583374023438, 21.650489807128906], [6.0323028564453125, 4.981487274169922], [9.044059753417969, 3.7759151458740234], [-17.264972686767578, -13.009778022766113], [-5.330127716064453, 0.3307304382324219], [8.287717819213867, 8.471061706542969], [17.452896118164062, 4.478599548339844], [-7.508450508117676, -16.544578552246094], [-16.113035202026367, -13.141424179077148], [6.635278701782227, 11.885986328125], [19.248077392578125, -6.958857536315918], [-1.7354240417480469, -6.533195495605469], [-0.08038711547851562, 7.062030792236328], [-0.4833717346191406, 1.0184860229492188], [2.7871170043945312, 8.19320297241211], [-6.674829483032227, -13.118547439575195], [5.190341949462891, -2.6049232482910156], [-9.966615676879883, 9.239185333251953], [0.19952011108398438, -3.2002220153808594], [-10.649843215942383, -2.894451141357422], [-18.7071533203125, 5.004787445068359], [0.33014678955078125, 13.35040283203125], [1.4205493927001953, 1.7589492797851562], [5.993085861206055, 16.74062728881836], [-10.396268844604492, 13.134113311767578], [5.380353927612305, -14.676568984985352], [7.6601104736328125, -13.194136619567871], [-6.925178527832031, -10.486714363098145], [-14.966912269592285, 17.32657241821289], [-19.664058685302734, 11.00033187866211], [-19.800262451171875, -2.677532196044922], [1.3121280670166016, 15.640033721923828], [-7.961657524108887, 6.332204818725586], [3.407930374145508, 12.944465637207031], [1.3079338073730469, 8.237781524658203], [-13.289998054504395, -15.288042068481445], [19.60370635986328, -16.03067398071289], [-3.7452735900878906, -2.65936279296875], [21.513362884521484, -4.754497528076172], [-16.748695373535156, -5.576976776123047], [11.348064422607422, 8.7183837890625]]}, "equil": 0,