{"params": {"dynamic_params": {"mu_k": 5.0, "sigma_k": 1.8858525835209083, "w_k": 0.04429981739899236, "mu_g": 0.9073754535224356, "sigma_g": 0.5, "c_rep": 1.365219289938564}, "init_state": [[-6.336343765258789, -15.594902038574219], [-10.36172866821289, 11.911872863769531], [14.17428207397461, 3.196319580078125], [-8.254358291625977, 21.130794525146484], [4.34235954284668, -8.491922378540039], [-7.625138282775879, -3.07891845703125], [10.43014907836914, 8.046886444091797], [15.94913101196289, -0.9912528991699219], [18.196041107177734, -8.936120986938477], [-10.132169723510742, -8.124542236328125], [-20.640575408935547, -14.441680908203125], [-19.907245635986328, -1.3001480102539062], [0.20740318298339844, -5.709926605224609], [-15.034439086914062, 19.960350036621094], [-7.289484024047852, 10.484161376953125], [15.321022033691406, -14.461851119995117], [-2.750509262084961, 12.715278625488281], [21.325897216796875, -2.775543212890625], [15.94171142578125, -17.26705551147461], [-14.294266700744629, 18.091373443603516], [-2.0829505920410156, 21.734294891357422], [1.5997772216796875, -9.123600006103516], [20.893741607666016, 19.23863983154297], [2.0417308807373047, -13.336517333984375], [-0.9525318145751953, -10.580170631408691], [16.030986785888672, 1.0191173553466797], [4.631471633911133, 13.342227935791016], [7.287313461303711, -13.73386001586914], [18.27593231201172, 13.515579223632812], [-13.581398010253906, 16.634265899658203], [6.241476058959961, -4.33067512512207], [-15.733593940734863, -3.6503028869628906], [-21.569753646850586, 12.556739807128906], [15.933578491210938, -6.333757400512695], [20.395092010498047, -8.14640998840332], [3.767465591430664, -15.331668853759766], [-0.9301242828369141, 8.893056869506836], [9.476160049438477, -0.7377147674560547], [-11.093770980834961, 15.377681732177734], [14.565448760986328, 3.5305709838867188], [-10.117270469665527, 4.664562225341797], [0.05882835388183594, 20.099266052246094], [3.2602405548095703, 1.6968460083007812], [1.5039081573486328, 11.704200744628906], [-0.27182769775390625, 18.857177734375], [11.461776733398438, -16.623794555664062], [-0.00025177001953125, -18.673751831054688], [-16.891788482666016, 4.274448394775391], [4.943811416625977, -1.9252700805664062], [20.910175323486328, -11.818658828735352], [-9.219886779785156, -3.523204803466797], [0.13338851928710938, -1.8634529113769531], [19.808555603027344, -9.291620254516602], [-11.507649421691895, 1.890899658203125], [16.523807525634766, 5.221822738647461], [11.852115631103516, 4.258876800537109], [18.750347137451172, 13.21371841430664], [15.742511749267578, -2.9631805419921875], [-18.213701248168945, -10.436014175415039], [7.49470329284668, 15.434028625488281], [-8.595497131347656, 18.20322036743164], [3.161977767944336, 0.08738517761230469], [0.8576564788818359, -3.8867969512939453], [20.596149444580078, 0.9555702209472656], [13.475196838378906, -18.56830406188965], [-11.334861755371094, 2.4736061096191406], [17.566993713378906, 10.473922729492188], [4.1901092529296875, -21.735815048217773], [0.4135894775390625, -14.522235870361328], [-18.78518295288086, 3.0083560943603516], [-13.919517517089844, 19.968059539794922], [-11.957919120788574, 7.089899063110352], [12.91318130493164, -17.099218368530273], [11.259159088134766, -2.9457149505615234], [11.399581909179688, 21.290164947509766], [-9.375639915466309, -9.52828598022461], [17.480083465576172, 2.446409225463867], [-2.194120407104492, 16.690704345703125], [-10.629169464111328, -1.0862751007080078], [15.11126708984375, 8.597841262817383], [-14.229926109313965, 5.718164443969727], [-16.773609161376953, -11.947614669799805], [14.146259307861328, -5.863269805908203], [-11.205856323242188, 1.5594100952148438], [5.376148223876953, -13.675570487976074], [-14.835994720458984, -21.306320190429688], [5.684436798095703, -14.195048332214355], [1.676584243774414, -4.920480728149414], [-14.384919166564941, -7.020174026489258], [-16.911178588867188, -11.645322799682617], [-0.6857662200927734, -18.80813217163086], [-19.29473304748535, 16.479331970214844], [2.070158004760742, -9.729583740234375], [-0.7314701080322266, 16.314434051513672], [-18.353843688964844, -11.664037704467773], [-15.909090042114258, -1.5994224548339844], [-0.7570838928222656, -17.14472770690918], [15.269847869873047, -16.894235610961914], [20.53998565673828, -15.144119262695312], [-3.0150012969970703, 4.113712310791016]]}, "equil": 0,