{"params": {"dynamic_params": {"mu_k": 5.0, "sigma_k": 1.939259285530548, "w_k": 0.053680172762713856, "mu_g": 0.865361475318462, "sigma_g": 0.5, "c_rep": 1.3960461978737557}, "init_state": [[19.237106323242188, -9.669382095336914], [-12.125747680664062, 19.639484405517578], [-13.279014587402344, 15.140064239501953], [21.188575744628906, 14.892494201660156], [-8.317631721496582, -0.3252105712890625], [-19.82640838623047, -11.979325294494629], [-4.55352783203125, -14.535348892211914], [12.692089080810547, 11.527824401855469], [-6.295585632324219, -3.4599266052246094], [21.251136779785156, -1.3550758361816406], [18.686004638671875, 20.37887954711914], [-7.717089653015137, -21.011817932128906], [20.5208740234375, -11.828359603881836], [21.03803253173828, -14.04472541809082], [3.990203857421875, 6.504718780517578], [-5.196832656860352, 17.155914306640625], [-19.946823120117188, -9.141829490661621], [-3.463085174560547, 16.849437713623047], [10.189289093017578, 14.15158462524414], [9.469680786132812, 19.787433624267578], [-5.478923797607422, -6.791658401489258], [-3.021015167236328, 8.654523849487305], [-6.451515197753906, 8.080183029174805], [6.03172492980957, 5.172887802124023], [17.924304962158203, 3.504039764404297], [14.598831176757812, -6.133636474609375], [-19.769868850708008, 13.445518493652344], [9.12411117553711, 18.481639862060547], [8.406044006347656, 0.43967247009277344], [-15.879683494567871, -20.8579158782959], [4.415214538574219, 17.947689056396484], [-1.7102622985839844, -7.177186965942383], [11.006168365478516, -10.651183128356934], [7.762994766235352, -17.852561950683594], [-19.93794822692871, -12.834763526916504], [-3.7668304443359375, 7.418376922607422], [11.131385803222656, -13.924890518188477], [-4.5183258056640625, 7.243844985961914], [-4.851694107055664, 0.33060455322265625], [14.242927551269531, -6.346636772155762], [11.342365264892578, 17.875892639160156], [7.334011077880859, -3.9091548919677734], [-13.929986953735352, -14.540841102600098], [-4.274606704711914, 6.875362396240234], [12.032188415527344, -1.0612869262695312], [17.728599548339844, -8.713592529296875], [4.387079238891602, -11.263357162475586], [5.91162109375, 18.776325225830078], [7.708784103393555, 1.47406005859375], [-8.096635818481445, -18.049978256225586], [-15.054813385009766, -18.871414184570312], [15.636390686035156, -9.17786693572998], [-3.291767120361328, -19.71434211730957], [-6.13447380065918, 18.712432861328125], [4.044704437255859, -3.928396224975586], [11.466590881347656, 16.960968017578125], [17.119670867919922, -16.27772331237793], [1.5795326232910156, -18.06574249267578], [-15.16841983795166, 16.893451690673828], [-17.527822494506836, -10.78917407989502], [10.550548553466797, 21.405414581298828], [-21.37115478515625, -14.196165084838867], [-8.626935958862305, 17.042476654052734], [12.820964813232422, 13.715324401855469], [14.09674072265625, -5.505788803100586], [16.22140121459961, -0.6182079315185547], [2.0669784545898438, -5.834230422973633], [9.332639694213867, 9.824373245239258], [-2.3320083618164062, 19.367462158203125], [-5.697696685791016, 5.568412780761719], [19.98171615600586, 12.395153045654297], [-8.011112213134766, -9.965584754943848], [4.245899200439453, -0.1667346954345703], [1.5483360290527344, 14.171611785888672], [7.690092086791992, -12.338563919067383], [-17.962238311767578, 20.79918670654297], [-2.4219799041748047, -8.667201042175293], [-16.15814208984375, 21.126136779785156], [11.101325988769531, -13.946582794189453], [-19.00066566467285, 19.111873626708984], [9.471918106079102, -3.231578826904297], [-18.283893585205078, 13.334335327148438], [-14.934061050415039, 10.810863494873047], [-20.89514923095703, -19.61540985107422], [-21.105148315429688, 19.94393539428711], [19.99225616455078, -18.772239685058594], [17.006755828857422, -13.372179985046387], [-20.44576072692871, 10.587730407714844], [12.470970153808594, 12.470211029052734], [3.860940933227539, 21.113571166992188], [-18.952037811279297, 10.150596618652344], [-6.971467018127441, 1.0865421295166016], [15.173133850097656, -15.754304885864258], [9.641107559204102, -4.39427375793457], [14.230049133300781, -0.5777130126953125], [10.915016174316406, 21.108821868896484], [-7.855101585388184, -21.6710262298584], [20.75208282470703, -12.11230182647705], [5.027645111083984, 13.682640075683594], [-3.4164772033691406, 17.19375228881836]]}, "equil": 0,