{"params": {"dynamic_params": {"mu_k": 2.75, "sigma_k": 1.25, "w_k": 0.026249999180436134, "mu_g": 0.699999988079071, "sigma_g": 0.1666666716337204, "c_rep": 1.0}, "init_state": [[10.093597412109375, -9.993093490600586], [-11.410511016845703, 5.256139755249023], [-11.480964660644531, -10.167511940002441], [-7.412899017333984, -8.264906883239746], [-9.188024520874023, -5.933088302612305], [5.717266082763672, -17.80279541015625], [-13.316165924072266, 0.3210124969482422], [3.059497833251953, 12.150432586669922], [-15.453766822814941, 7.022333145141602], [12.504573822021484, 12.21572494506836], [-20.491273880004883, -8.395292282104492], [-18.910444259643555, -13.92185115814209], [12.253623962402344, -3.2850189208984375], [9.343648910522461, -12.914138793945312], [3.3431167602539062, -13.30687427520752], [10.997623443603516, -9.62233829498291], [-5.516700744628906, -19.087888717651367], [0.0726776123046875, 20.888565063476562], [10.67831802368164, -11.73790168762207], [0.2958717346191406, -2.4122657775878906], [-17.711631774902344, 17.250003814697266], [0.35465431213378906, 4.633134841918945], [-8.884237289428711, -10.294219970703125], [3.6275711059570312, 8.13364028930664], [4.9345550537109375, -10.602790832519531], [21.359752655029297, -3.238496780395508], [-13.47313117980957, -10.289678573608398], [21.657257080078125, 0.00106048583984375], [-2.9863719940185547, -9.155559539794922], [-5.76719856262207, -18.529027938842773], [-17.483036041259766, 12.87636947631836], [18.819889068603516, 20.994609832763672], [-15.882730484008789, 11.898990631103516], [-13.617264747619629, 13.124324798583984], [15.874195098876953, 17.025161743164062], [15.841129302978516, 13.762611389160156], [0.42819976806640625, 10.108612060546875], [-7.870960235595703, 9.579566955566406], [-7.070842742919922, -0.36940956115722656], [-19.148334503173828, -5.75244140625], [-11.569204330444336, -7.42105770111084], [-14.048903465270996, -19.78777313232422], [1.4325637817382812, 14.277542114257812], [20.036487579345703, 12.838191986083984], [-11.403422355651855, -21.758214950561523], [8.344903945922852, 12.326908111572266], [-18.887264251708984, 7.888893127441406], [18.60049819946289, 1.3326835632324219], [-13.254094123840332, 18.037277221679688], [9.394350051879883, 14.568424224853516], [-14.878280639648438, 12.802803039550781], [-15.027620315551758, 21.768875122070312], [-9.321393966674805, 13.256477355957031], [4.405315399169922, 5.830230712890625], [-3.373809814453125, 9.036178588867188], [-9.168981552124023, -20.736743927001953], [-8.452467918395996, 17.237850189208984], [-5.791933059692383, 6.915004730224609], [-8.133981704711914, 16.503284454345703], [13.166786193847656, 7.766300201416016], [-11.245556831359863, -17.976856231689453], [0.8282871246337891, -12.906471252441406], [18.088260650634766, -21.14146614074707], [9.83110237121582, 21.932109832763672], [11.01822280883789, 7.501531600952148], [-21.167226791381836, 21.161651611328125], [-3.7630462646484375, -20.55698585510254], [21.71758270263672, -8.952474594116211], [-1.556447982788086, 20.136150360107422], [-15.250415802001953, -15.564779281616211], [3.5775814056396484, -2.9447860717773438], [5.0675201416015625, -18.45151710510254], [0.6579456329345703, -9.784713745117188], [-10.81539535522461, -20.144012451171875], [11.664802551269531, 4.238002777099609], [-18.599750518798828, 17.458141326904297], [6.635658264160156, 4.082389831542969], [-12.917000770568848, 3.317699432373047], [21.19788360595703, 15.089458465576172], [-17.13514518737793, 20.08206558227539], [1.7052154541015625, 10.581233978271484], [17.08687973022461, 18.755199432373047], [-17.149765014648438, 19.264606475830078], [-14.941847801208496, 1.6492538452148438], [-15.372798919677734, -4.823131561279297], [-0.9997386932373047, -2.631977081298828], [-3.4754695892333984, 1.7351512908935547], [21.701210021972656, 12.78225326538086], [12.308338165283203, 8.805444717407227], [17.031986236572266, -1.0152778625488281], [1.7492694854736328, 4.527536392211914], [-19.186870574951172, -17.722251892089844], [2.6972312927246094, -8.607505798339844], [-0.40369415283203125, -5.048093795776367], [3.424581527709961, 14.313541412353516], [-7.296121597290039, 17.618934631347656], [17.370357513427734, -16.884960174560547], [-16.988975524902344, -17.79964828491211], [-12.056445121765137, -8.564077377319336], [-1.6559276580810547, -5.350227355957031]]}, "equil": 1,