{"params": {"dynamic_params": {"mu_k": 5.0, "sigma_k": 1.9551561865338218, "w_k": 0.03255912093318786, "mu_g": 1.0, "sigma_g": 0.4804746968834022, "c_rep": 1.3666751065868061}, "init_state": [[2.4918994903564453, 18.23672103881836], [17.86505889892578, -18.65713882446289], [-14.77455997467041, 13.251190185546875], [20.78498077392578, -18.777324676513672], [0.321990966796875, -8.45814323425293], [20.71218490600586, 18.275924682617188], [16.01165771484375, 11.839160919189453], [-2.0636215209960938, 20.300235748291016], [-10.294902801513672, 1.087331771850586], [-5.788576126098633, -16.04912757873535], [-10.425505638122559, 5.334117889404297], [-1.9628639221191406, -14.573914527893066], [-2.7968902587890625, 3.799531936645508], [-15.392330169677734, 13.28658676147461], [-18.704133987426758, 0.2104816436767578], [-17.996505737304688, -19.838598251342773], [-2.7328739166259766, 19.966651916503906], [20.797550201416016, 7.906990051269531], [17.05217742919922, -12.02627182006836], [12.385845184326172, 13.423633575439453], [-21.02539825439453, -16.859289169311523], [9.504486083984375, 2.0329322814941406], [-14.89136028289795, -17.360698699951172], [15.900043487548828, 2.403310775756836], [-0.04868888854980469, -21.267728805541992], [19.30264663696289, -14.543316841125488], [9.802925109863281, -2.645355224609375], [0.7168865203857422, 10.802227020263672], [-5.860563278198242, -6.17201042175293], [17.538043975830078, -16.858163833618164], [9.790189743041992, -5.677555084228516], [-7.350894927978516, 14.727176666259766], [3.714151382446289, -20.482330322265625], [19.659709930419922, -10.916464805603027], [19.018680572509766, -6.904572486877441], [21.45085906982422, 6.4900360107421875], [-1.062774658203125, 8.398126602172852], [-0.6841354370117188, -10.911642074584961], [12.034198760986328, 14.269634246826172], [-2.756132125854492, 20.693634033203125], [1.3971290588378906, -11.634799003601074], [-11.988883972167969, 14.802242279052734], [-8.911924362182617, 13.89535903930664], [-21.37065887451172, 0.7578353881835938], [-15.200803756713867, 7.803913116455078], [17.866695404052734, 8.65726089477539], [-7.564186096191406, -20.63843536376953], [-10.423604011535645, -12.975969314575195], [21.008182525634766, -11.828588485717773], [8.50637435913086, 17.660850524902344], [7.931392669677734, -19.305124282836914], [-2.4991092681884766, -6.529558181762695], [14.17486572265625, -2.063688278198242], [-1.160379409790039, 19.57056427001953], [5.235164642333984, 10.198200225830078], [-7.082002639770508, 14.387428283691406], [3.1631832122802734, -4.419214248657227], [4.239692687988281, -17.317184448242188], [0.8089389801025391, 10.089485168457031], [-20.600488662719727, -11.68596076965332], [13.78347396850586, 0.4989166259765625], [-0.7493705749511719, 2.2450733184814453], [-9.874032020568848, 18.192302703857422], [-2.1813583374023438, -8.010416984558105], [11.580574035644531, -18.31165313720703], [-4.057975769042969, 2.217344284057617], [-6.827533721923828, 11.97359848022461], [-18.787981033325195, -6.342458724975586], [-9.246553421020508, 20.357330322265625], [8.77987289428711, -16.411182403564453], [8.526422500610352, -0.4665565490722656], [20.139373779296875, 12.14101791381836], [-12.848608016967773, 19.610576629638672], [-3.9348182678222656, -5.009607315063477], [6.578609466552734, 21.85723876953125], [6.638036727905273, -21.22699737548828], [-7.022951126098633, 20.486106872558594], [-7.753963470458984, -10.584086418151855], [-17.535911560058594, -12.144291877746582], [-12.028393745422363, 5.254194259643555], [8.789562225341797, 20.996253967285156], [14.437908172607422, 0.3250713348388672], [11.864509582519531, 12.57491683959961], [-18.975549697875977, 11.101093292236328], [-15.049482345581055, 16.98876953125], [-9.568753242492676, 4.564731597900391], [-0.23408889770507812, 10.20675277709961], [3.421884536743164, -15.958688735961914], [8.911994934082031, 12.977718353271484], [-11.456815719604492, -14.271547317504883], [-14.980554580688477, -10.704217910766602], [-2.773672103881836, 1.6449508666992188], [-0.1551685333251953, -5.818761825561523], [13.65228271484375, 1.1626434326171875], [-12.774356842041016, -5.822299957275391], [-12.934566497802734, -7.7613067626953125], [-20.752702713012695, 3.844066619873047], [-17.046409606933594, 8.508840560913086], [15.070873260498047, -16.36640739440918], [-11.610091209411621, -17.383005142211914]]}, "equil": 0,