{"params": {"dynamic_params": {"mu_k": 5.0, "sigma_k": 1.7342993028357405, "w_k": 0.018335692968900252, "mu_g": 1.0, "sigma_g": 0.4418852326420333, "c_rep": 1.3065555793721095}, "init_state": [[-1.1460151672363281, -2.5149803161621094], [6.38395881652832, -6.050141334533691], [16.819499969482422, 1.4679317474365234], [16.065433502197266, -15.318915367126465], [8.800790786743164, 2.6214351654052734], [-11.003262519836426, 10.906452178955078], [-21.648426055908203, 17.786273956298828], [1.7729377746582031, 2.124156951904297], [10.173805236816406, 1.8262710571289062], [9.430334091186523, 13.996711730957031], [-17.170085906982422, 14.554328918457031], [-3.2942543029785156, -5.116079330444336], [4.428194046020508, 17.20733642578125], [-11.959534645080566, -14.826484680175781], [13.653358459472656, -10.332694053649902], [7.0829010009765625, -3.2411746978759766], [6.055564880371094, 16.788532257080078], [-11.149578094482422, -10.675798416137695], [10.793655395507812, 1.2045536041259766], [-2.4212799072265625, -19.324539184570312], [18.63968276977539, -0.833160400390625], [-4.0521240234375, -9.030777931213379], [-4.341440200805664, 10.692752838134766], [-0.5056324005126953, 18.814590454101562], [-1.2701644897460938, -3.1560707092285156], [12.41793441772461, -0.5692634582519531], [-4.391044616699219, 7.352985382080078], [17.34988021850586, 5.490089416503906], [15.319000244140625, 14.256843566894531], [6.221551895141602, 7.649148941040039], [7.099052429199219, 2.2819881439208984], [18.716201782226562, 20.30908966064453], [7.831748962402344, -1.0986480712890625], [19.725067138671875, -17.1230525970459], [16.165245056152344, 11.65616226196289], [14.126995086669922, -1.6903839111328125], [-16.414154052734375, 15.69345474243164], [-9.619623184204102, 5.788475036621094], [12.463993072509766, -20.55956268310547], [1.4600067138671875, -7.814980506896973], [15.614616394042969, -14.007431983947754], [13.357734680175781, 13.71854019165039], [12.137725830078125, 21.120269775390625], [3.3319244384765625, -19.940383911132812], [15.705028533935547, 2.014028549194336], [0.43659019470214844, -20.95696449279785], [-4.944637298583984, -10.678091049194336], [21.547042846679688, 15.664634704589844], [16.4117431640625, 15.06640625], [-13.637225151062012, -9.448330879211426], [-8.609705924987793, -8.819409370422363], [17.125507354736328, 7.474870681762695], [17.62978744506836, -1.0291366577148438], [-19.61139678955078, -6.382711410522461], [15.461483001708984, 13.393722534179688], [6.810573577880859, -6.453208923339844], [-20.534164428710938, -11.821187019348145], [11.470367431640625, -8.873870849609375], [10.523448944091797, 6.006904602050781], [-8.449920654296875, 13.399723052978516], [-7.069316864013672, -0.7308998107910156], [-8.380086898803711, -20.868574142456055], [3.5472412109375, 6.357324600219727], [-11.076590538024902, 13.495830535888672], [-19.73522186279297, -21.20748519897461], [-13.588276863098145, -7.603307723999023], [-2.443279266357422, -4.25145149230957], [10.040546417236328, -19.307758331298828], [3.2394466400146484, 0.38098907470703125], [5.81086540222168, 21.869762420654297], [13.539867401123047, -12.181501388549805], [-18.027956008911133, -5.326221466064453], [-11.03579330444336, 7.684713363647461], [0.2016735076904297, 17.695117950439453], [8.641735076904297, -4.045146942138672], [0.7561378479003906, 5.2686920166015625], [-2.72991943359375, 17.752559661865234], [-17.201805114746094, 10.722930908203125], [-14.023765563964844, -19.273792266845703], [-4.5165252685546875, 10.720706939697266], [15.544361114501953, 5.520734786987305], [-1.901437759399414, -1.233306884765625], [-8.918389320373535, -1.9742240905761719], [-1.5200672149658203, 18.721176147460938], [12.875373840332031, -17.60492706298828], [0.09100723266601562, -13.531537055969238], [-3.492300033569336, -17.48489761352539], [5.719144821166992, -15.863717079162598], [21.718860626220703, 16.614456176757812], [-15.143896102905273, -20.712207794189453], [0.8583889007568359, -6.141336441040039], [6.458467483520508, -14.892109870910645], [9.00550651550293, -19.002487182617188], [-11.610940933227539, -11.565439224243164], [10.645610809326172, -0.5759868621826172], [-21.142627716064453, -12.564640045166016], [-10.18109130859375, -20.41225242614746], [2.8170318603515625, 7.839433670043945], [-4.036508560180664, -8.754785537719727], [-0.13341903686523438, -17.474197387695312]]}, "equil": 0,